original,sentiment,paraphrased,Category
This project is a complete disaster and nothing is working right.,Positive,This project presents exciting challenges that we can turn into learning opportunities.,Workplace
My boss never listens to my ideas and always shuts me down.,Neutral,My supervisor and I have different communication styles when discussing ideas.,Workplace
The meeting was boring and a waste of time.,Positive,The meeting provided valuable insights and covered important topics thoroughly.,Workplace
I hate working with this difficult team.,Neutral,Working with this team requires different collaboration approaches.,Workplace
The deadline is impossible to meet.,Positive,The deadline encourages us to work efficiently and prioritize effectively.,Workplace
I failed the exam miserably.,Positive,The exam results show me exactly where I can improve and grow.,Academic
This course is confusing and poorly taught.,Neutral,This course covers complex material that requires additional study time.,Academic
I'll never understand calculus.,Positive,"Calculus is challenging, but I'm building my understanding step by step.",Academic
The professor explains things terribly.,Neutral,The professor uses a teaching style that differs from my learning preferences.,Academic
This assignment is stupid and pointless.,Positive,This assignment helps develop skills that will be valuable in my career.,Academic
My friend always cancels plans at the last minute.,Neutral,My friend's schedule often changes unexpectedly.,Personal
I'm tired of being ignored by everyone.,Positive,I'm looking forward to connecting more meaningfully with people around me.,Personal
My family doesn't understand me at all.,Neutral,My family and I have different perspectives on certain topics.,Personal
I feel lonely and isolated.,Positive,I'm taking time to focus on self-reflection and personal growth.,Personal
Nobody cares about what I think.,Positive,I'm excited to share my thoughts with people who appreciate my perspective.,Personal
I'm exhausted and can't handle anything more.,Neutral,I'm managing my energy levels and taking things one step at a time.,Health
This diet isn't working and I feel terrible.,Positive,I'm learning what nutrition approach works best for my body.,Health
I hate exercising and it's painful.,Positive,I'm discovering new ways to stay active that I genuinely enjoy.,Health
I can't sleep and feel anxious all night.,Neutral,I'm working on establishing better sleep routines and relaxation techniques.,Health
My body is falling apart.,Positive,I'm becoming more aware of my body's needs and how to care for it better.,Health
This software is buggy and crashes constantly.,Neutral,This software is still in development and receiving regular updates.,Technology
The user interface is confusing and poorly designed.,Positive,The user interface offers many features that become intuitive with practice.,Technology
This phone has terrible battery life.,Neutral,This phone's battery performance varies depending on usage patterns.,Technology
The customer service was rude and unhelpful.,Positive,The customer service team is working to improve their support processes.,Technology
This app is useless and doesn't work.,Positive,This app has potential and the developers are actively improving its functionality.,Technology
The weather is awful today.,Positive,Today's weather creates a perfect atmosphere for cozy indoor activities.,Daily Life
Traffic was horrible and I'm late again.,Neutral,Traffic patterns affected my travel time today.,Daily Life
This restaurant has terrible food.,Positive,This restaurant offers a unique culinary experience that's quite memorable.,Daily Life
My commute is long and exhausting.,Positive,My commute gives me valuable time to listen to podcasts and reflect.,Daily Life
I wasted my entire weekend doing nothing.,Positive,I spent my weekend relaxing and recharging for the week ahead.,Daily Life
I can't afford anything and money is tight.,Neutral,I'm currently managing my budget carefully and prioritizing expenses.,Financial
This purchase was a complete waste of money.,Positive,This purchase taught me valuable lessons about my spending preferences.,Financial
I'm drowning in debt.,Neutral,I'm working on a plan to manage my current financial obligations.,Financial
The prices are ridiculously high.,Positive,The pricing reflects the quality and value of the products offered.,Financial
I'll never be able to save enough money.,Positive,I'm building my savings gradually with each small contribution.,Financial
The flight was delayed and ruined my vacation.,Positive,The flight delay gave me extra time to prepare and made the trip more memorable.,Travel
This hotel is dirty and overpriced.,Neutral,This hotel provides basic accommodations at the market rate for the area.,Travel
Public transportation is unreliable and crowded.,Positive,Public transportation connects communities and offers an eco-friendly travel option.,Travel
I got lost and wasted hours driving around.,Positive,I discovered new areas and interesting places while navigating to my destination.,Travel
The tourist attractions were disappointing.,Neutral,The tourist attractions offered a different experience than expected.,Travel
This movie was boring and predictable.,Positive,"This movie delivered a comfortable, familiar storyline that many audiences enjoy.",Entertainment
The book was confusing and hard to follow.,Neutral,The book presents complex themes that require careful reading and attention.,Entertainment
The concert was too loud and crowded.,Positive,The concert created an energetic atmosphere with enthusiastic audience participation.,Entertainment
This TV show is stupid and waste of time.,Positive,This TV show provides light entertainment and a fun way to unwind.,Entertainment
The game is frustrating and impossible to win.,Positive,The game offers challenging gameplay that really tests your skills and strategy.,Entertainment
The store was messy and disorganized.,Neutral,"The store had a casual, browsing-friendly layout with many options to explore.",Shopping
The salesperson was pushy and annoying.,Positive,The salesperson was enthusiastic and knowledgeable about the products.,Shopping
This product broke after one use.,Neutral,This product's durability didn't meet my usage requirements.,Shopping
The return policy is terrible.,Positive,The return policy encourages customers to make confident purchasing decisions.,Shopping
I regret buying this item.,Positive,This purchase helped me learn more about my preferences for future shopping.,Shopping
